../../../Projet/data/12/image_12_999900.jpg,powderly
../../../Projet/data/12/image_12_999901.jpg,havant
../../../Projet/data/12/image_12_999902.jpg,INTERSQUEEZE
../../../Projet/data/12/image_12_999903.jpg,gladiola
../../../Projet/data/12/image_12_999904.jpg,intradoses
../../../Projet/data/12/image_12_999905.jpg,ETCHERS
../../../Projet/data/12/image_12_999906.jpg,reckoning
../../../Projet/data/12/image_12_999907.jpg,SEPTUAGENARIAN
../../../Projet/data/12/image_12_999908.jpg,preperusing
../../../Projet/data/12/image_12_999909.jpg,KETONIZE
../../../Projet/data/12/image_12_999910.jpg,ACCIDENCY
../../../Projet/data/12/image_12_999911.jpg,bracciale
../../../Projet/data/12/image_12_999912.jpg,geminations
../../../Projet/data/12/image_12_999913.jpg,ionise
../../../Projet/data/12/image_12_999914.jpg,DEHYDROFROZEN
../../../Projet/data/12/image_12_999915.jpg,furnishness
../../../Projet/data/12/image_12_999916.jpg,Puritans
../../../Projet/data/12/image_12_999917.jpg,meshes
../../../Projet/data/12/image_12_999918.jpg,defoamed
../../../Projet/data/12/image_12_999919.jpg,Uncanonized
../../../Projet/data/12/image_12_999920.jpg,PLACOID
../../../Projet/data/12/image_12_999921.jpg,ARCHPLOTTER
../../../Projet/data/12/image_12_999922.jpg,spore
../../../Projet/data/12/image_12_999923.jpg,Misprovide
../../../Projet/data/12/image_12_999924.jpg,MELODIZE
../../../Projet/data/12/image_12_999925.jpg,valval
../../../Projet/data/12/image_12_999926.jpg,hagdown
../../../Projet/data/12/image_12_999927.jpg,CINCHONAS
../../../Projet/data/12/image_12_999928.jpg,chloroquine
../../../Projet/data/12/image_12_999929.jpg,Befavour
../../../Projet/data/12/image_12_999930.jpg,TSINGYUAN
../../../Projet/data/12/image_12_999931.jpg,rockwood
../../../Projet/data/12/image_12_999932.jpg,curmurring
../../../Projet/data/12/image_12_999933.jpg,CONTRABASSIST
../../../Projet/data/12/image_12_999934.jpg,Vinegarette
../../../Projet/data/12/image_12_999935.jpg,Lattin
../../../Projet/data/12/image_12_999936.jpg,mixolydian
../../../Projet/data/12/image_12_999937.jpg,Severely
../../../Projet/data/12/image_12_999938.jpg,PRUNER
../../../Projet/data/12/image_12_999939.jpg,BORDROOM
../../../Projet/data/12/image_12_999940.jpg,surnamers
../../../Projet/data/12/image_12_999941.jpg,Uvulas
../../../Projet/data/12/image_12_999942.jpg,determinant
../../../Projet/data/12/image_12_999943.jpg,overfrighten
../../../Projet/data/12/image_12_999944.jpg,KAUFMAN
../../../Projet/data/12/image_12_999945.jpg,CHEAPING
../../../Projet/data/12/image_12_999946.jpg,imperishable
../../../Projet/data/12/image_12_999947.jpg,TENDERFUL
../../../Projet/data/12/image_12_999948.jpg,leaderette
../../../Projet/data/12/image_12_999949.jpg,acetylglycin
../../../Projet/data/12/image_12_999950.jpg,UNSCHOLASTIC
../../../Projet/data/12/image_12_999951.jpg,reticulatovenose
../../../Projet/data/12/image_12_999952.jpg,pommery
../../../Projet/data/12/image_12_999953.jpg,mugwumpery
../../../Projet/data/12/image_12_999954.jpg,ultrafantastic
../../../Projet/data/12/image_12_999955.jpg,MONOZOAN
../../../Projet/data/12/image_12_999956.jpg,Upchucks
../../../Projet/data/12/image_12_999957.jpg,allosaur
../../../Projet/data/12/image_12_999958.jpg,buoyantly
../../../Projet/data/12/image_12_999959.jpg,saburral
../../../Projet/data/12/image_12_999960.jpg,OMENTULUM
../../../Projet/data/12/image_12_999961.jpg,ouroub
../../../Projet/data/12/image_12_999962.jpg,retransmute
../../../Projet/data/12/image_12_999963.jpg,demodulates
../../../Projet/data/12/image_12_999964.jpg,untimidly
../../../Projet/data/12/image_12_999965.jpg,reptiledom
../../../Projet/data/12/image_12_999966.jpg,Ammeos
../../../Projet/data/12/image_12_999967.jpg,semblant
../../../Projet/data/12/image_12_999968.jpg,prebeloved
../../../Projet/data/12/image_12_999969.jpg,sanctorium
../../../Projet/data/12/image_12_999970.jpg,lecythoid
../../../Projet/data/12/image_12_999971.jpg,JENNINE
../../../Projet/data/12/image_12_999972.jpg,AURORAL
../../../Projet/data/12/image_12_999973.jpg,Glutting
../../../Projet/data/12/image_12_999974.jpg,tuxedoes
../../../Projet/data/12/image_12_999975.jpg,shaula
../../../Projet/data/12/image_12_999976.jpg,ROACHDALE
../../../Projet/data/12/image_12_999977.jpg,Nonartistic
../../../Projet/data/12/image_12_999978.jpg,sirih
../../../Projet/data/12/image_12_999979.jpg,melitriose
../../../Projet/data/12/image_12_999980.jpg,EVALUATE
../../../Projet/data/12/image_12_999981.jpg,DUELISTS
../../../Projet/data/12/image_12_999982.jpg,MYXOSPORIDIA
../../../Projet/data/12/image_12_999983.jpg,OVERIMITATE
../../../Projet/data/12/image_12_999984.jpg,espousage
../../../Projet/data/12/image_12_999985.jpg,hypochromic
../../../Projet/data/12/image_12_999986.jpg,autantitypy
../../../Projet/data/12/image_12_999987.jpg,minorate
../../../Projet/data/12/image_12_999988.jpg,weism
../../../Projet/data/12/image_12_999989.jpg,ILLUSTRATES
../../../Projet/data/12/image_12_999990.jpg,mussolini
../../../Projet/data/12/image_12_999991.jpg,Quadrae
../../../Projet/data/12/image_12_999992.jpg,torydom
../../../Projet/data/12/image_12_999993.jpg,pappyri
../../../Projet/data/12/image_12_999994.jpg,labialized
../../../Projet/data/12/image_12_999995.jpg,radiantness
../../../Projet/data/12/image_12_999996.jpg,Reenunciating
../../../Projet/data/12/image_12_999997.jpg,christiaan
../../../Projet/data/12/image_12_999998.jpg,WALRATH
../../../Projet/data/12/image_12_999999.jpg,BROMVOEL
