../../../Projet/data/12/image_12_999900.jpg,powderly,povwdery
../../../Projet/data/12/image_12_999901.jpg,havant,havant
../../../Projet/data/12/image_12_999902.jpg,INTERSQUEEZE,ONTERSOUEEZE
../../../Projet/data/12/image_12_999903.jpg,gladiola,nladioea
../../../Projet/data/12/image_12_999904.jpg,intradoses,intradoses
../../../Projet/data/12/image_12_999905.jpg,ETCHERS,EIehEhy
../../../Projet/data/12/image_12_999906.jpg,reckoning,eeeoeesee
../../../Projet/data/12/image_12_999907.jpg,SEPTUAGENARIAN,SEPTUAGENARlAN
../../../Projet/data/12/image_12_999908.jpg,preperusing,reaoHsasrc
../../../Projet/data/12/image_12_999909.jpg,KETONIZE,KETONIZE
../../../Projet/data/12/image_12_999910.jpg,ACCIDENCY,ACCODEEEL
../../../Projet/data/12/image_12_999911.jpg,bracciale,bracecale
../../../Projet/data/12/image_12_999912.jpg,geminations,geminations
../../../Projet/data/12/image_12_999913.jpg,ionise,ionise
../../../Projet/data/12/image_12_999914.jpg,DEHYDROFROZEN,uaaieeeFeeare
../../../Projet/data/12/image_12_999915.jpg,furnishness,Aeroaefreeg
../../../Projet/data/12/image_12_999916.jpg,Puritans,Puuitans
../../../Projet/data/12/image_12_999917.jpg,meshes,meshes
../../../Projet/data/12/image_12_999918.jpg,defoamed,dgporlgd
../../../Projet/data/12/image_12_999919.jpg,Uncanonized,Uncanonized
../../../Projet/data/12/image_12_999920.jpg,PLACOID,uny
../../../Projet/data/12/image_12_999921.jpg,ARCHPLOTTER,tRcHPLolAER
../../../Projet/data/12/image_12_999922.jpg,spore,saeA
../../../Projet/data/12/image_12_999923.jpg,Misprovide,MAsprovide
../../../Projet/data/12/image_12_999924.jpg,MELODIZE,AdELODlZT
../../../Projet/data/12/image_12_999925.jpg,valval,valvaIl
../../../Projet/data/12/image_12_999926.jpg,hagdown,hagdoWn
../../../Projet/data/12/image_12_999927.jpg,CINCHONAS,titEArEe
../../../Projet/data/12/image_12_999928.jpg,chloroquine,chIoroquine
../../../Projet/data/12/image_12_999929.jpg,Befavour,slpevuAe
../../../Projet/data/12/image_12_999930.jpg,TSINGYUAN,TSINGlYUAN
../../../Projet/data/12/image_12_999931.jpg,rockwood,rockWood
../../../Projet/data/12/image_12_999932.jpg,curmurring,curmuuring
../../../Projet/data/12/image_12_999933.jpg,CONTRABASSIST,CONTRRRASSSST
../../../Projet/data/12/image_12_999934.jpg,Vinegarette,yanagnreae
../../../Projet/data/12/image_12_999935.jpg,Lattin,Lattin
../../../Projet/data/12/image_12_999936.jpg,mixolydian,miiolydian
../../../Projet/data/12/image_12_999937.jpg,Severely,Seyereely
../../../Projet/data/12/image_12_999938.jpg,PRUNER,PRUNER
../../../Projet/data/12/image_12_999939.jpg,BORDROOM,BORDROOM
../../../Projet/data/12/image_12_999940.jpg,surnamers,SERS
../../../Projet/data/12/image_12_999941.jpg,Uvulas,uvuuas
../../../Projet/data/12/image_12_999942.jpg,determinant,determinant
../../../Projet/data/12/image_12_999943.jpg,overfrighten,operthighten
../../../Projet/data/12/image_12_999944.jpg,KAUFMAN,rauEMan
../../../Projet/data/12/image_12_999945.jpg,CHEAPING,CHEAPING
../../../Projet/data/12/image_12_999946.jpg,imperishable,IMPERIsHABLE
../../../Projet/data/12/image_12_999947.jpg,TENDERFUL,IENyirrlOn
../../../Projet/data/12/image_12_999948.jpg,leaderette,neeeaoreets
../../../Projet/data/12/image_12_999949.jpg,acetylglycin,aceeglglgcin
../../../Projet/data/12/image_12_999950.jpg,UNSCHOLASTIC,nScHoLAsTlc
../../../Projet/data/12/image_12_999951.jpg,reticulatovenose,aeegueaeeeeaaae
../../../Projet/data/12/image_12_999952.jpg,pommery,pomnmey
../../../Projet/data/12/image_12_999953.jpg,mugwumpery,MUGpwUMPERy
../../../Projet/data/12/image_12_999954.jpg,ultrafantastic,ce
../../../Projet/data/12/image_12_999955.jpg,MONOZOAN,MaoonoaolIu
../../../Projet/data/12/image_12_999956.jpg,Upchucks,UarllucLs
../../../Projet/data/12/image_12_999957.jpg,allosaur,aIIosuut
../../../Projet/data/12/image_12_999958.jpg,buoyantly,buoyantly
../../../Projet/data/12/image_12_999959.jpg,saburral,saburrat
../../../Projet/data/12/image_12_999960.jpg,OMENTULUM,eIoIEAyue
../../../Projet/data/12/image_12_999961.jpg,ouroub,ounoub
../../../Projet/data/12/image_12_999962.jpg,retransmute,retransmute
../../../Projet/data/12/image_12_999963.jpg,demodulates,aatat
../../../Projet/data/12/image_12_999964.jpg,untimidly,urtimidhy
../../../Projet/data/12/image_12_999965.jpg,reptiledom,reptiledoin
../../../Projet/data/12/image_12_999966.jpg,Ammeos,Ammeos
../../../Projet/data/12/image_12_999967.jpg,semblant,semblant
../../../Projet/data/12/image_12_999968.jpg,prebeloved,opehelmued
../../../Projet/data/12/image_12_999969.jpg,sanctorium,sanCtoriII
../../../Projet/data/12/image_12_999970.jpg,lecythoid,lecythoid
../../../Projet/data/12/image_12_999971.jpg,JENNINE,eUENNlNE
../../../Projet/data/12/image_12_999972.jpg,AURORAL,AURORAL
../../../Projet/data/12/image_12_999973.jpg,Glutting,Glutting
../../../Projet/data/12/image_12_999974.jpg,tuxedoes,tuxedaes
../../../Projet/data/12/image_12_999975.jpg,shaula,llsnudr
../../../Projet/data/12/image_12_999976.jpg,ROACHDALE,ROACHDALE
../../../Projet/data/12/image_12_999977.jpg,Nonartistic,skoseiaatto
../../../Projet/data/12/image_12_999978.jpg,sirih,sirin
../../../Projet/data/12/image_12_999979.jpg,melitriose,moeitiioee
../../../Projet/data/12/image_12_999980.jpg,EVALUATE,EVALUATE
../../../Projet/data/12/image_12_999981.jpg,DUELISTS,DUELlSTS
../../../Projet/data/12/image_12_999982.jpg,MYXOSPORIDIA,mnYXOSPORNDYA
../../../Projet/data/12/image_12_999983.jpg,OVERIMITATE,OVERIMITATE
../../../Projet/data/12/image_12_999984.jpg,espousage,espousage
../../../Projet/data/12/image_12_999985.jpg,hypochromic,hgaochromic
../../../Projet/data/12/image_12_999986.jpg,autantitypy,autantitypy
../../../Projet/data/12/image_12_999987.jpg,minorate,Aorals
../../../Projet/data/12/image_12_999988.jpg,weism,Weism
../../../Projet/data/12/image_12_999989.jpg,ILLUSTRATES,LSsM
../../../Projet/data/12/image_12_999990.jpg,mussolini,mouseoini
../../../Projet/data/12/image_12_999991.jpg,Quadrae,Ruadrae
../../../Projet/data/12/image_12_999992.jpg,torydom,tonydom
../../../Projet/data/12/image_12_999993.jpg,pappyri,pappyri
../../../Projet/data/12/image_12_999994.jpg,labialized,labialized
../../../Projet/data/12/image_12_999995.jpg,radiantness,raadanaess
../../../Projet/data/12/image_12_999996.jpg,Reenunciating,Reenurniating
../../../Projet/data/12/image_12_999997.jpg,christiaan,chlistiaan
../../../Projet/data/12/image_12_999998.jpg,WALRATH,NEAETT
../../../Projet/data/12/image_12_999999.jpg,BROMVOEL,BROMuOEL
